BienSo,LoaiXe,ThoiGian,TrangThai
65H52106,motorcycle,2026-02-10 23:29:13,VAO
65H52106,Unknown,2026-02-10 23:30:27,VAO
6J1106,motorcycle,2026-02-10 23:32:28,VAO
65H52106,motorcycle,2026-02-10 23:32:28,VAO
65H5706,motorcycle,2026-02-10 23:32:30,VAO
IJ2106,motorcycle,2026-02-10 23:33:00,VAO
65H52106,Unknown,2026-02-10 23:55:06,VAO
65ZUN6,motorcycle,2026-02-10 23:55:08,VAO
6657U06,Unknown,2026-02-10 23:55:09,VAO
210665H5,motorcycle,2026-02-10 23:55:15,VAO
66ZIDG,Unknown,2026-02-10 23:55:17,VAO
65H52106,motorcycle,2026-02-10 23:55:18,RA
62H22106,Unknown,2026-02-10 23:55:28,VAO
6662106,motorcycle,2026-02-10 23:55:33,VAO
65652106,Unknown,2026-02-10 23:55:34,VAO
65H52106,Unknown,2026-02-10 23:55:37,RA
65H52106,motorcycle,2026-02-10 23:56:52,VAO
6152106,motorcycle,2026-02-10 23:57:15,VAO
65H52106,motorcycle,2026-02-10 23:57:18,RA
602106,motorcycle,2026-02-11 00:13:50,VAO
210665HS,Unknown,2026-02-11 00:13:53,VAO
65H52106,motorcycle,2026-02-11 00:13:55,VAO
65H52106,motorcycle,2026-02-11 00:13:55,RA
65H52406,motorcycle,2026-02-11 00:13:56,VAO
65HJ2106,Unknown,2026-02-11 00:13:56,VAO
65H57106,motorcycle,2026-02-11 00:13:58,VAO
765H52106,motorcycle,2026-02-11 00:13:59,VAO
65H5106,motorcycle,2026-02-11 00:14:00,RA
65H52106,motorcycle,2026-02-11 00:15:57,VAO
65H52106,motorcycle,2026-02-11 00:15:58,RA
065H52106,motorcycle,2026-02-11 00:16:05,VAO
65652106,Unknown,2026-02-11 00:16:08,VAO
65K52106,motorcycle,2026-02-11 00:16:19,RA
6652106,motorcycle,2026-02-11 00:16:19,VAO
65652406,Unknown,2026-02-11 00:16:20,VAO
652106,Unknown,2026-02-11 00:16:20,RA
65K52106,motorcycle,2026-02-11 00:16:20,VAO
65H57106,Unknown,2026-02-11 00:23:19,VAO
210665H5,motorcycle,2026-02-11 00:23:20,VAO
65H52106,motorcycle,2026-02-11 00:25:40,VAO
AZ106,motorcycle,2026-02-11 00:26:07,VAO
662106,motorcycle,2026-02-11 00:26:13,VAO
652106,motorcycle,2026-02-11 00:26:14,RA
65652106,motorcycle,2026-02-11 00:26:14,RA
6552106,motorcycle,2026-02-11 00:26:15,VAO
651J2106,motorcycle,2026-02-11 00:26:16,VAO
65FJ2106,motorcycle,2026-02-11 00:26:16,RA
65652106,motorcycle,2026-02-11 00:26:16,RA
65HJ2106,motorcycle,2026-02-11 00:26:17,VAO
65MJ2106,motorcycle,2026-02-11 00:26:30,RA
65152106,motorcycle,2026-02-24 00:30:41,VAO
622106,motorcycle,2026-02-24 00:30:57,VAO
UIJ2106,motorcycle,2026-02-24 00:30:57,VAO
71606,motorcycle,2026-02-24 00:30:59,VAO
65152106,motorcycle,2026-02-24 00:31:00,RA
6H52106,motorcycle,2026-02-24 00:31:00,VAO
6152106,motorcycle,2026-02-24 00:31:01,RA
6157106,motorcycle,2026-02-24 00:31:01,VAO
6HJ7106,motorcycle,2026-02-24 00:31:02,VAO
E67106,motorcycle,2026-02-24 00:31:03,VAO
6152106,motorcycle,2026-02-24 00:31:03,RA
62106655,motorcycle,2026-02-24 00:31:04,VAO
662106,motorcycle,2026-02-24 00:31:04,VAO
2106645,motorcycle,2026-02-24 00:31:04,VAO
65H52106,motorcycle,2026-02-24 00:32:30,VAO
240665H5,motorcycle,2026-02-24 00:32:30,VAO
65H52106,Unknown,2026-02-24 00:32:31,RA
210665H5,Unknown,2026-02-24 00:32:32,RA
210665H5,Unknown,2026-02-24 00:32:33,VAO
65H52106,motorcycle,2026-02-24 00:53:00,VAO
65H21065,Unknown,2026-02-24 00:53:09,RA
65152106,Unknown,2026-02-24 00:53:15,VAO
65H57106,Unknown,2026-02-24 00:53:32,VAO
65H52106,Unknown,2026-02-24 00:53:50,RA
65H52106,motorcycle,2026-02-24 00:53:50,RA
65H521063,Unknown,2026-02-24 00:53:50,VAO
0K1106,Unknown,2026-02-24 00:54:01,VAO
65H52106,Unknown,2026-02-24 00:54:01,RA
65H52106,motorcycle,2026-02-24 00:54:01,VAO
65H52106,Unknown,2026-02-24 00:54:02,RA
65H62106,Unknown,2026-02-24 00:54:03,VAO
02606LA,Unknown,2026-02-25 20:41:45,VAO,0
G4A02601,car,2026-02-25 20:41:46,VAO,0
6148260,car,2026-02-25 20:41:46,VAO,0
6402610,car,2026-02-25 20:41:47,VAO,0
61L82601,car,2026-02-25 20:41:47,VAO,0
61402601,Unknown,2026-02-25 20:41:47,VAO,0
6140260,car,2026-02-25 20:41:48,RA,20000
64826,car,2026-02-25 20:41:48,VAO,0
61A8260L,car,2026-02-25 20:41:48,VAO,0
61148260L,car,2026-02-25 20:41:48,VAO,0
6148261,car,2026-02-25 20:41:49,VAO,0
61402601,Unknown,2026-02-25 20:45:56,VAO,0
AELAS,Unknown,2026-02-25 20:45:56,VAO,0
B40260L,Unknown,2026-02-25 20:46:09,VAO,0
648260L,Unknown,2026-02-25 20:46:09,VAO,0
6140260L,Unknown,2026-02-25 20:46:10,RA,5000
192601,Unknown,2026-02-25 20:46:10,VAO,0
6148260L,Unknown,2026-02-25 20:46:11,RA,5000
BILFE260LU,Unknown,2026-02-25 20:46:11,VAO,0
DTEZ60L,Unknown,2026-02-25 20:46:11,VAO,0
16148260,Unknown,2026-02-25 20:46:12,VAO,0
6148260L,Unknown,2026-02-25 20:46:12,RA,5000
68Z60L,Unknown,2026-02-25 20:46:13,VAO,0
L48250,Unknown,2026-02-25 20:46:13,VAO,0
TBABAO,Unknown,2026-02-25 20:46:13,VAO,0
BLAE7A0E,Unknown,2026-02-25 20:46:14,VAO,0
64L9260L,Unknown,2026-02-25 20:46:14,VAO,0
7OE148261,Unknown,2026-02-25 20:46:14,VAO,0
ILZD0L6A,Unknown,2026-02-25 20:47:53,VAO,0
1GIKOQ0L,Unknown,2026-02-25 20:47:54,VAO,0
61492601,car,2026-02-25 20:47:54,VAO,0
REONGA,car,2026-02-25 20:47:55,VAO,0
GZ60L,Unknown,2026-02-25 20:47:55,VAO,0
BOZ60,car,2026-02-25 20:47:56,VAO,0
HEUOLD,car,2026-02-25 20:47:57,VAO,0
GIH260,Unknown,2026-02-25 20:47:57,VAO,0
6140Z64,car,2026-02-25 20:47:57,VAO,0
64026L,Unknown,2026-02-25 20:47:58,VAO,0
GUZ60L,Unknown,2026-02-25 20:47:58,RA,5000
GUNZ60,car,2026-02-25 20:47:58,VAO,0
UTTZD,car,2026-02-25 20:47:59,VAO,0
LF0260L,Unknown,2026-02-25 20:47:59,VAO,0
0164826,car,2026-02-25 20:48:07,VAO,0
I1016T826,car,2026-02-25 20:48:07,VAO,0
L6026,car,2026-02-25 20:48:08,VAO,0
BAE2601,car,2026-02-25 20:48:08,VAO,0
01ST0265,car,2026-02-25 20:48:08,VAO,0
0161026,car,2026-02-25 20:48:09,VAO,0
6148264,car,2026-02-25 20:48:09,VAO,0
61F8264,car,2026-02-25 20:48:09,RA,20000
I611L682601,car,2026-02-25 20:48:10,VAO,0
402601,car,2026-02-25 20:48:10,VAO,0
61482601,car,2026-02-25 20:48:10,RA,20000
82601A,car,2026-02-25 20:48:11,VAO,0
64826401,car,2026-02-25 20:48:11,VAO,0
0L1026,car,2026-02-25 20:48:12,VAO,0
82501G,car,2026-02-25 20:48:12,VAO,0
846614,car,2026-02-26 01:12:23,VAO,0
6148260C,car,2026-02-26 01:12:23,VAO,0
614876,car,2026-02-26 01:12:24,VAO,0
6148261,car,2026-02-26 01:12:24,VAO,0
1P60L,Unknown,2026-02-26 01:12:38,VAO,0
IV826OI,Unknown,2026-02-26 01:12:38,VAO,0
01826614,Unknown,2026-02-26 01:12:54,VAO,0
7064036,Unknown,2026-02-26 01:13:15,VAO,0
0836LA,Unknown,2026-02-26 01:13:15,VAO,0
0H8360LLLA,Unknown,2026-02-26 01:13:16,VAO,0
CHCDD0,Unknown,2026-03-04 12:58:23,VAO,0,N/A
CHHZDJ0S,Unknown,2026-03-04 12:58:23,VAO,0,N/A
2H23D0LS,Unknown,2026-03-04 12:58:23,VAO,0,N/A
CHCDAOS,Unknown,2026-03-04 12:58:24,VAO,0,N/A
CHCDAOS,Unknown,2026-03-04 12:58:24,RA,5000,Nhan
640Z60L,car,2026-03-04 13:02:30,VAO,0,N/A
I6148Z501,car,2026-03-04 13:02:30,VAO,0,N/A
I61492601,car,2026-03-04 13:02:31,VAO,0,N/A
I61L826C,car,2026-03-04 13:02:31,VAO,0,N/A
1GLL026101,car,2026-03-04 13:02:31,VAO,0,N/A
1BHZ40L,Unknown,2026-03-04 13:02:32,VAO,0,N/A
6140265,car,2026-03-04 13:02:32,VAO,0,N/A
EL40260LT,Unknown,2026-03-04 13:02:32,VAO,0,N/A
10L60L6UA,Unknown,2026-03-04 13:05:52,VAO,0,N/A
614826,Unknown,2026-03-04 13:09:07,VAO,0,N/A
61858264,Unknown,2026-03-04 13:09:09,VAO,0,N/A
61482601,Unknown,2026-03-04 13:09:09,RA,5000,Nhan
82601614,Unknown,2026-03-04 13:42:03,VAO,0,N/A
016140264,Unknown,2026-03-04 13:42:04,VAO,0,N/A
61482601,Unknown,2026-03-04 13:42:08,VAO,0,N/A
61482601,Unknown,2026-03-04 13:42:09,RA,5000,Nhan
61482601,Unknown,2026-03-04 13:46:33,VAO,0,N/A
016148260,Unknown,2026-03-04 13:46:46,VAO,0,N/A
61482601,Unknown,2026-03-04 13:46:48,RA,5000,Ky
0182661A,Unknown,2026-03-04 13:47:52,VAO,0,N/A
826016IA,Unknown,2026-03-04 13:47:53,VAO,0,N/A
61482601,Unknown,2026-03-04 13:47:53,VAO,0,N/A
8260164A,Unknown,2026-03-04 13:47:54,RA,5000,Nhan
97601,Unknown,2026-03-04 13:48:00,VAO,0,N/A
61482601,Unknown,2026-03-04 13:48:02,RA,5000,Nhan
1046148260,Unknown,2026-03-04 13:48:04,VAO,0,N/A
101826464AE,Unknown,2026-03-04 13:48:05,VAO,0,N/A
E64482601,Unknown,2026-03-04 13:48:05,VAO,0,N/A
161482601,Unknown,2026-03-04 13:48:06,RA,5000,Ky
164482601,Unknown,2026-03-04 13:48:09,RA,5000,Nhan
TE016140261,Unknown,2026-03-04 13:48:12,VAO,0,N/A
IJ06148260,Unknown,2026-03-04 13:48:13,VAO,0,N/A
TEE016148264,Unknown,2026-03-04 13:48:14,VAO,0,N/A
IEJ01614826C,Unknown,2026-03-04 13:48:14,VAO,0,N/A
IE61482601,Unknown,2026-03-04 13:48:15,VAO,0,N/A
IE61482601,Unknown,2026-03-04 13:48:15,RA,5000,Nhan
06L826C,Unknown,2026-03-04 13:48:23,VAO,0,N/A
TJ0L61L8261,Unknown,2026-03-04 13:48:25,VAO,0,N/A
TOL6448265,Unknown,2026-03-04 13:48:25,VAO,0,N/A
IER00L075,Unknown,2026-03-04 13:48:27,VAO,0,N/A
IE076440264,Unknown,2026-03-04 13:48:28,VAO,0,N/A
618260L,Unknown,2026-03-04 14:01:43,VAO,0,N/A
6L82601,Unknown,2026-03-04 14:01:44,VAO,0,N/A
61482601,Unknown,2026-03-04 14:01:46,VAO,0,N/A
61482601,Unknown,2026-03-04 14:01:47,RA,5000,Ky
BUTTU,Unknown,2026-03-04 14:02:14,VAO,0,N/A
SF4A82601,Unknown,2026-03-04 14:02:17,VAO,0,N/A
016148260,Unknown,2026-03-04 14:02:17,VAO,0,N/A
61482601,Unknown,2026-03-04 14:02:18,VAO,0,N/A
61482601,Unknown,2026-03-04 14:02:18,RA,5000,Nhan
CIA82601,Unknown,2026-03-04 14:02:21,VAO,0,N/A
64482601,Unknown,2026-03-04 14:02:21,VAO,0,N/A
IFUA82601,Unknown,2026-03-04 14:02:22,VAO,0,N/A
018260SA,Unknown,2026-03-04 14:02:22,VAO,0,N/A
61482801,Unknown,2026-03-04 14:02:37,VAO,0,N/A
61402601,Unknown,2026-03-04 14:03:21,VAO,0,N/A
61482601,Unknown,2026-03-04 14:03:22,RA,5000,Nhan
QUDOL,Unknown,2026-03-04 14:03:28,VAO,0,N/A
GIKUZU,Unknown,2026-03-04 14:05:41,VAO,0,N/A
GOANDIO,Unknown,2026-03-04 14:05:42,VAO,0,N/A
61K02020,Unknown,2026-03-04 14:05:43,VAO,0,N/A
61K02020,Unknown,2026-03-04 14:05:45,RA,5000,Nhan
64K02020,Unknown,2026-03-04 14:06:35,VAO,0,N/A
COAROUO,Unknown,2026-03-04 14:06:58,VAO,0,N/A
CAVEO,Unknown,2026-03-04 14:06:58,VAO,0,N/A
ARNNOMO,Unknown,2026-03-04 14:07:00,VAO,0,N/A
61K02020,Unknown,2026-03-04 14:07:02,RA,5000,Nhan
61102420,Unknown,2026-03-04 14:07:08,VAO,0,N/A
RANEUO,Unknown,2026-03-04 14:07:09,VAO,0,N/A
6IK02020,Unknown,2026-03-04 14:07:10,VAO,0,N/A
6IX02020,Unknown,2026-03-04 14:07:11,RA,5000,Nhan
6402020,Unknown,2026-03-04 14:07:18,VAO,0,N/A
6K02020,Unknown,2026-03-04 14:07:20,RA,5000,Ky
602020,Unknown,2026-03-04 14:07:25,VAO,0,N/A
602020,Unknown,2026-03-04 14:07:26,RA,5000,Nhan
6102420,Unknown,2026-03-04 14:07:33,RA,5000,Nhan
GRANPHLO,Unknown,2026-03-04 14:14:23,VAO,0,N/A
64K02020,Unknown,2026-03-04 14:14:24,VAO,0,N/A
602020,Unknown,2026-03-04 14:14:25,RA,5000,Nhan
GONDUO,Unknown,2026-03-04 14:14:39,VAO,0,N/A
02020,Unknown,2026-03-04 14:14:43,VAO,0,N/A
02020,Unknown,2026-03-04 14:14:47,RA,5000,Nhan
30N76709,Unknown,2026-03-12 10:26:04,VAO,0,N/A
30N76789,Unknown,2026-03-12 10:26:05,RA,5000,Ky
30N76789,Unknown,2026-03-12 10:26:41,VAO,0,N/A
30N76789,Unknown,2026-03-12 10:26:42,RA,5000,Nhan
30NZ6789,Unknown,2026-03-12 10:50:25,VAO,0,N/A
30N76789,Unknown,2026-03-12 10:50:27,RA,5000,Ky
30476700,Unknown,2026-03-12 10:51:09,VAO,0,N/A
38FB888,Unknown,2026-03-21 17:02:33,VAO,0,N/A
690166666,Unknown,2026-03-21 17:11:45,VAO,0,N/A
769P766666,Unknown,2026-03-21 17:11:56,VAO,0,N/A
59MI106363,Unknown,2026-03-21 17:12:03,VAO,0,N/A
598636,Unknown,2026-03-21 17:12:11,VAO,0,N/A
59HI863637,Unknown,2026-03-21 17:12:11,VAO,0,N/A
59HI86363,Unknown,2026-03-21 17:12:12,RA,5000,Nhan
0Z420,car,2026-03-26 14:45:40,VAO,0,N/A
40120,Unknown,2026-03-26 14:45:46,VAO,0,N/A
6IK02020,Unknown,2026-03-26 14:45:49,VAO,0,N/A
61K02020,Unknown,2026-03-26 14:45:50,RA,5000,Ky
61K402020,Unknown,2026-03-26 14:46:15,VAO,0,N/A
61K02020,car,2026-03-26 14:46:16,RA,20000,Nhan
60469698,motorcycle,2026-04-05 00:42:57,VAO,0,N/A
60469698,motorcycle,2026-04-05 00:42:58,RA,5000,Unknown
69696IBDA,motorcycle,2026-04-05 00:43:00,VAO,0,N/A
IA69696,motorcycle,2026-04-05 00:43:00,VAO,0,N/A
JEON696196,motorcycle,2026-04-05 00:43:01,VAO,0,N/A
E0R69696,motorcycle,2026-04-05 00:43:01,VAO,0,N/A
O0N696196,motorcycle,2026-04-05 00:43:02,VAO,0,N/A
60A69698,motorcycle,2026-04-05 00:43:02,VAO,0,N/A
60A69696,motorcycle,2026-04-05 00:43:03,RA,5000,Unknown
60469696,motorcycle,2026-04-05 00:43:03,VAO,0,N/A
60A69696,motorcycle,2026-04-05 00:43:03,RA,5000,Unknown
60A69696,motorcycle,2026-04-05 00:43:04,VAO,0,N/A
60A69696,motorcycle,2026-04-05 00:43:04,RA,5000,Unknown
0A69696,motorcycle,2026-04-05 00:43:05,RA,5000,Unknown
0469696,motorcycle,2026-04-05 00:43:20,VAO,0,N/A
6OA69696,motorcycle,2026-04-05 00:43:23,VAO,0,N/A
I6OA69696,motorcycle,2026-04-05 00:43:25,RA,5000,Unknown
BD169690,motorcycle,2026-04-05 00:44:23,VAO,0,N/A
BA69698,motorcycle,2026-04-05 00:44:23,VAO,0,N/A
BOA69090,motorcycle,2026-04-05 00:44:23,VAO,0,N/A
D016969,motorcycle,2026-04-05 00:44:24,VAO,0,N/A
60699,motorcycle,2026-04-05 00:44:24,VAO,0,N/A
BOA69696,motorcycle,2026-04-05 00:44:25,VAO,0,N/A
B0469696,motorcycle,2026-04-05 00:44:25,RA,5000,Unknown
60A69696,motorcycle,2026-04-05 00:44:26,VAO,0,N/A
OA69696,motorcycle,2026-04-05 00:44:26,RA,5000,Unknown
0A69696,motorcycle,2026-04-05 00:44:26,RA,5000,Unknown
60469696,motorcycle,2026-04-05 00:44:28,VAO,0,N/A
60469696,motorcycle,2026-04-05 00:44:28,RA,5000,Unknown
082661A,motorcycle,2026-04-05 00:59:50,VAO,0,N/A
0161A8261,motorcycle,2026-04-05 00:59:53,VAO,0,N/A
61A02601,motorcycle,2026-04-05 00:59:53,VAO,0,N/A
8260161A,motorcycle,2026-04-05 00:59:54,VAO,0,N/A
0161A8264,motorcycle,2026-04-05 00:59:55,RA,5000,Unknown
01826G4A,motorcycle,2026-04-05 00:59:56,VAO,0,N/A
61482601,motorcycle,2026-04-05 01:00:00,VAO,0,N/A
61482601,motorcycle,2026-04-05 01:00:17,RA,5000,Unknown
01614826,motorcycle,2026-04-05 01:00:18,VAO,0,N/A
FAL82601,motorcycle,2026-04-05 01:00:33,VAO,0,N/A
8260161A,motorcycle,2026-04-05 01:00:38,RA,5000,Unknown
61482601,motorcycle,2026-04-05 01:00:47,VAO,0,N/A
61482601,motorcycle,2026-04-05 01:00:48,RA,5000,Unknown
I161482601,motorcycle,2026-04-05 01:00:57,VAO,0,N/A
61482601,motorcycle,2026-04-05 01:01:30,RA,5000,Unknown
8260161A,motorcycle,2026-04-05 01:01:31,VAO,0,N/A
8260161A,motorcycle,2026-04-05 01:01:33,RA,5000,Unknown
82601614,motorcycle,2026-04-05 01:01:34,VAO,0,N/A
01826614,motorcycle,2026-04-05 01:01:35,VAO,0,N/A
61A82601,motorcycle,2026-04-05 01:01:35,RA,5000,Unknown
0182661A,motorcycle,2026-04-05 01:01:37,RA,5000,Unknown
0161AF826,motorcycle,2026-04-05 01:02:37,VAO,0,N/A
61482601,motorcycle,2026-04-05 01:02:38,VAO,0,N/A
61A282601,motorcycle,2026-04-05 01:02:39,VAO,0,N/A
61A282601,motorcycle,2026-04-05 01:02:41,RA,5000,Unknown
61A82601,motorcycle,2026-04-05 01:02:47,RA,5000,Unknown
16IA02601,motorcycle,2026-04-05 01:02:51,VAO,0,N/A
611402601,motorcycle,2026-04-05 01:02:54,VAO,0,N/A
61A82601,motorcycle,2026-04-05 01:02:55,VAO,0,N/A
0161A8261,motorcycle,2026-04-05 01:02:58,RA,5000,Unknown
0182661A,motorcycle,2026-04-05 01:03:00,RA,5000,Unknown
61A01826,motorcycle,2026-04-05 01:03:00,VAO,0,N/A
0161A826,motorcycle,2026-04-05 01:03:03,RA,5000,Unknown
01826061A,motorcycle,2026-04-05 01:03:03,VAO,0,N/A
614102601,motorcycle,2026-04-05 01:03:14,RA,5000,Unknown
826016IA,motorcycle,2026-04-05 01:03:16,VAO,0,N/A
F8260161A,motorcycle,2026-04-05 01:03:19,VAO,0,N/A
0182661A,motorcycle,2026-04-05 01:04:28,RA,5000,Unknown
0182661A,motorcycle,2026-04-05 01:04:28,VAO,0,N/A
8260161A,motorcycle,2026-04-05 01:04:29,RA,5000,Unknown
016148260,motorcycle,2026-04-05 01:04:29,VAO,0,N/A
S1A82601,motorcycle,2026-04-05 01:04:30,RA,5000,Unknown
S1A82601,motorcycle,2026-04-05 01:04:31,VAO,0,N/A
IPHONEWIFI,motorcycle,2026-04-05 01:04:34,VAO,0,N/A
61482601,Unknown,2026-04-05 01:06:20,VAO,0,N/A
0182661A,Unknown,2026-04-05 01:06:20,VAO,0,N/A
61A582601,Unknown,2026-04-05 01:06:24,VAO,0,N/A
8260161A,Unknown,2026-04-05 01:06:25,VAO,0,N/A
016148264,Unknown,2026-04-05 01:06:26,VAO,0,N/A
61482601,Unknown,2026-04-05 01:06:26,RA,5000,Nhan
8260164AE,motorcycle,2026-04-05 01:16:34,VAO,0,N/A
61482601,motorcycle,2026-04-05 01:16:35,VAO,0,N/A
61482601,motorcycle,2026-04-05 01:16:36,RA,5000,Nhan
MCOCDM,motorcycle,2026-04-05 01:17:23,VAO,0,N/A
016148264,motorcycle,2026-04-05 01:17:37,VAO,0,N/A
18260161A,motorcycle,2026-04-05 01:17:38,VAO,0,N/A
01614826,motorcycle,2026-04-05 01:17:39,RA,5000,Nhan
61482601,motorcycle,2026-04-05 01:17:42,VAO,0,N/A
0182661AE,motorcycle,2026-04-05 01:17:43,VAO,0,N/A
61482601,motorcycle,2026-04-05 01:17:55,RA,5000,Nhan
016148265,motorcycle,2026-04-05 01:17:59,VAO,0,N/A
4482601,motorcycle,2026-04-05 01:18:02,VAO,0,N/A
64482601,motorcycle,2026-04-05 01:18:03,RA,5000,Nhan
8260161A,motorcycle,2026-04-05 01:18:16,RA,5000,Nhan
82601618,motorcycle,2026-04-05 01:18:20,VAO,0,N/A
64482601,motorcycle,2026-04-05 01:18:22,VAO,0,N/A
016148260,car,2026-04-05 01:18:29,RA,20000,Nhan
8260161A,motorcycle,2026-04-05 01:18:32,RA,5000,Nhan
61482601,motorcycle,2026-04-05 01:18:35,RA,5000,Nhan
016148261,motorcycle,2026-04-05 01:18:38,VAO,0,N/A
61402601,motorcycle,2026-04-05 01:18:40,VAO,0,N/A
61482601,motorcycle,2026-04-05 01:18:41,RA,5000,Nhan
10260161A,motorcycle,2026-04-05 01:18:45,VAO,0,N/A
61A82601,motorcycle,2026-04-05 01:18:46,VAO,0,N/A
61482601,motorcycle,2026-04-05 01:18:47,RA,5000,Nhan
8260161A,motorcycle,2026-04-05 01:18:53,VAO,0,N/A
0182661A,motorcycle,2026-04-05 01:19:02,RA,5000,Nhan
61482601,motorcycle,2026-04-05 01:19:05,VAO,0,N/A
8260161A,motorcycle,2026-04-05 01:19:05,RA,5000,Nhan
61482601,motorcycle,2026-04-05 01:19:10,RA,5000,Nhan
OI614826,motorcycle,2026-04-05 01:19:20,VAO,0,N/A
CAMFFP,motorcycle,2026-04-05 01:19:23,VAO,0,N/A
182601S4A,motorcycle,2026-04-05 01:19:23,VAO,0,N/A
401614826,motorcycle,2026-04-05 01:19:24,RA,5000,Nhan
64860,motorcycle,2026-04-05 01:19:33,VAO,0,N/A
61482601,motorcycle,2026-04-05 01:19:52,VAO,0,N/A
8260161A,motorcycle,2026-04-05 01:20:16,VAO,0,N/A
016148260,motorcycle,2026-04-05 01:20:20,VAO,0,N/A
01614826,motorcycle,2026-04-05 01:20:23,RA,5000,Nhan
61482601,motorcycle,2026-04-05 01:20:27,RA,5000,Nhan
61482601,motorcycle,2026-04-05 01:44:51,VAO,0,N/A
01F82661A,motorcycle,2026-04-05 01:44:52,VAO,0,N/A
016148264,motorcycle,2026-04-05 01:44:52,VAO,0,N/A
8260161A,motorcycle,2026-04-05 01:44:53,VAO,0,N/A
01614826,motorcycle,2026-04-05 01:44:53,RA,5000,Nhan
8260161A,motorcycle,2026-04-05 01:45:17,RA,5000,Nhan
65H52106,motorcycle,2026-04-26 13:48:51,TDMU_GATE_IN,Unknown
65H52106,motorcycle,2026-04-26 13:50:34,TDMU_GATE_OUT,Nhan
65HS2106,motorcycle,2026-04-26 13:50:37,TDMU_GATE_IN,Unknown
65H52106,motorcycle,2026-04-27 01:11:00,TDMU_GATE_IN,Unknown
65H52106,motorcycle,2026-04-27 01:11:47,TDMU_GATE_OUT,Nhan
65H52106,car,2026-04-27 01:17:57,TDMU_GATE_IN,Unknown
65H52106,motorcycle,2026-04-27 01:18:53,TDMU_GATE_OUT,Nhan
65H52106,motorcycle,2026-05-06 01:14:47,TDMU_GATE_IN,Unknown
65H52106,motorcycle,2026-05-06 01:16:01,TDMU_GATE_OUT,Nhan
65H52106,motorcycle,2026-05-07 10:10:44,TDMU_GATE_IN,Unknown
662106,motorcycle,2026-05-07 10:11:32,TDMU_GATE_IN,Unknown
65H52106,motorcycle,2026-05-07 10:11:33,TDMU_GATE_OUT,Nhan
30N76700,motorcycle,2026-05-07 10:13:46,TDMU_GATE_IN,Unknown
30N76789,motorcycle,2026-05-07 10:13:48,TDMU_GATE_IN,Unknown
